<?xml version="1.0" encoding="UTF-8"?>
<project-private xmlns="http://www.netbeans.org/ns/project-private/1">
    <editor-bookmarks xmlns="http://www.netbeans.org/ns/editor-bookmarks/1"/>
    <editor-bookmarks xmlns="http://www.netbeans.org/ns/editor-bookmarks/2" lastBookmarkId="0"/>
    <open-files xmlns="http://www.netbeans.org/ns/projectui-open-files/2">
        <group>
            <file>file:/D:/licenza2014_2015/UD3.%20Deseño%20e%20realización%20de%20probas/CSIFC02_MP0487_V000303_UD03_A03_Probas_unitarias_Anexos/proyecto_arrays/src/buscarcaracter/Main.java</file>
            <file>file:/D:/licenza2014_2015/UD3.%20Deseño%20e%20realización%20de%20probas/CSIFC02_MP0487_V000303_UD03_A03_Probas_unitarias_Anexos/proyecto_arrays/src/buscarcaracter/OperacionsArrays.java</file>
        </group>
    </open-files>
</project-private>
