<?xml version="1.0" encoding="UTF-8"?>
<project-private xmlns="http://www.netbeans.org/ns/project-private/1">
    <editor-bookmarks xmlns="http://www.netbeans.org/ns/editor-bookmarks/1"/>
    <editor-bookmarks xmlns="http://www.netbeans.org/ns/editor-bookmarks/2" lastBookmarkId="0"/>
    <open-files xmlns="http://www.netbeans.org/ns/projectui-open-files/2">
        <group>
            <file>file:/H:/Paty/Contornos/Temas/T3/T3-A02/CSIFC02_MP0487_V000302_UD03_A02_Depuracion_Anexos/estadisticos/src/estadisticos/Estadisticos.java</file>
            <file>file:/H:/Paty/Contornos/Temas/T3/T3-A02/CSIFC02_MP0487_V000302_UD03_A02_Depuracion_Anexos/estadisticos/src/estadisticos/Main.java</file>
        </group>
    </open-files>
</project-private>
